UserID,UserName
1,mysmalllamb
2,gaiaesque
3,a122239
4,fangfangki
5,jygiant0330
6,oaboy
7,zzauber
8,BSWho
9,watercolor
10,godgod777
11,ueiwei
12,plurrr
13,tilwemeet
14,ckshchen
15,LittleDiDi
16,nobady98
17,elvayanzimei
18,h2030625
19,tj920614
20,bpf1980
21,brella
22,chirex
23,lanzong
24,allshine
25,arsl400
26,quentintu
27,BF109Pilot
28,dreamerkimo
29,jack5u06d93
30,tuhsiaofu
31,brigand
32,DoncicInPTT
33,t13thbc
34,yu1164
35,Ailkernoos
36,AisinGioro
37,ga3322165
38,NaaL
39,tools
40,a80568911
41,herbert0716
42,jfgt7j8qgx
43,TCPai
44,ultmisia
45,xinyi101
46,a1b2a3g4h
47,cybeth
48,dakkk
49,purue
50,ss61512tw
51,YAYA6655
52,AACKball
53,Beanoodle
54,ELclaire
55,hong1126
56,j31404
57,pineapple824
58,ray90910
59,Tencc
60,wil891607
61,xa9277178
62,Zionward
63,defenser
64,fitten
65,ga568116
66,hg52055520
67,jizz56
68,kitedolphin
69,lukaku0830
70,mykarma
71,psyy
72,robbie2010
73,rs6677
74,shen0348
75,ab12
76,andrew1997
77,b08297
78,Beandou
79,Birdy
80,bujicat
81,Chopin253253
82,fastfu
83,fawangching
84,ivorysoap
85,jodawa
86,kaeun421
87,monmo
88,Paul0807
89,pm2001
90,poopooShaw
91,rsbbs0611428
92,sentital
93,SIAO
94,SMeng
95,StarLeauge
96,t516
97,tcypost
98,TheoEpstein
99,TheRipper
100,tonto
101,alloc
102,cidexin
103,citywall
104,dameontree
105,dragon803
106,eva00780
107,gi1234g
108,icemake121
109,james7353
110,KKKKKvs333
111,kuninaka
112,kusakawa
113,kyoiori2
114,l81311i
115,lamigo520
116,lovehappys8
117,m0936306306
118,m19871006
119,meblessme
120,monkeytalks
121,nyk3
122,onesweetday
123,onetear
124,reggiewang
125,regip
126,Richie1105
127,rockrock1127
128,s7503228
129,SARODVD
130,SGshinji
131,shengchiu303
132,silkroad0828
133,Swampert
134,to35181
135,whj0530
136,witness0828
137,yihsuan1122
138,yuizero
139,A6
140,ace168168
141,adiharu
142,amilus0
143,ArkingChen
144,assggy
145,Bastille
146,beatfuture
147,BoBoLung
148,Borges
149,chiachiako
150,darkofpolo
151,dong80
152,fivemm
153,gs1
154,hbtsai
155,ilanalan
156,JACK19920102
157,jackshadow
158,jason0986
159,jay94715
160,jc0214
161,KENDO777
162,leavez
163,love1500274
164,lycs0908
165,maggie024
166,mellyliu
167,moneybuy
168,nadekowang
169,NANAer
170,nightseer
171,ntc039400
172,NYPD319198
173,oneyoung1121
174,overpast
175,peter080845
176,Pietro
177,Polestar
178,qcwxez
179,RieX
180,SilverSpoon
181,Sturmvogel
182,Superman007
183,surenas
184,Terahara
185,triff
186,uilin112500
187,vava5566
188,vetiveria
189,vi000246
190,WanYC
191,warlockeric
192,werttrew
193,xakg
194,XFight
195,xross
196,xxx60709
197,a0931040970a
198,a127
199,a41141234
200,Abre
201,adagiox
202,aensland
203,akame
204,alston1812
205,aQaZoe
206,as755617
207,Atima
208,Ballardlin
209,bellid
210,ben780413
211,BIGLYNCH
212,Bignana
213,bigphila1
214,candyyou
215,cattielin
216,chao0201
217,chinaciv
218,cka
219,ckplst
220,Clooney5566
221,cloudyheart
222,cmelo1515
223,coke5130
224,coo5566coo
225,corelar
226,craigvm6
227,cs123
228,ctttttt
229,dagoma
230,daieason0806
231,Daisy7432
232,dcshoes1234
233,deathcustom
234,deepinheart
235,dive6
236,dlouder2655
237,donjenet
238,dragon50119
239,dream0821
240,dren
241,dro001
242,Drummer14
243,e17688
244,e52155
245,earthrise
246,Emerson158
247,emmabest
248,eslite12
249,eva2255848
250,Fantasy7th
251,FANTERRY
252,fck1769
253,ffdqfe
254,fh316
255,finhisky
256,ga839429
257,game1398
258,Gavatzky
259,geniustu
260,glacierl
261,gn00324893
262,godgan
263,godzillahome
264,goldenway
265,goodb5
266,GULVBU00
267,h54747
268,hamasakiayu
269,hayuyang
270,Hey2
271,honny7410
272,hshzzsh
273,hwsbetty
274,IBIZA
275,ilove640
276,j09367
277,j1300000
278,j1551082
279,j3307002
280,jay0000
281,jeanvanjohn
282,JeffreyCorn
283,jemmak629
284,jiern
285,joe199277
286,june0804
287,Juniorlin02
288,k965432170
289,katehsu26262
290,kenlee76720
291,kenshin078
292,kielkiel
293,killeryuan
294,kimisawa
295,kobe1802
296,konakona
297,kruzin
298,ktou545
299,kyleliu2000
300,kyogen0512
301,KZS
302,lauren1788
303,lee09
304,Leorio0828
305,lifegoeson
306,littleSH1221
307,loveyourself
308,m790501s
309,MADAOSAKI
310,Magic0312
311,Makitina526
312,Midiya
313,Mimmature
314,mokjb4a
315,moshenisshit
316,moswu
317,Mrrichman
318,murray426
319,NCKUFatPork
320,neihu
321,nekohello
322,neverlight
323,nicktop2001
324,nothing188
325,NuCat
326,nuitblanche
327,nwc732
328,oberon1013
329,online0801
330,outlook2
331,parisrainbow
332,pauljet
333,penguin974
334,protess
335,PTTjoker
336,pzhao
337,QchchQ
338,qk8121718
339,qtzbbztq
340,RCO
341,roadrise
342,Rosemanman
343,s13541298
344,s761123
345,sandiato
346,sck921
347,ScorpioJI102
348,secretfly
349,senria
350,serenitymice
351,shamanlin
352,sideways
353,sinechen
354,sinon121821
355,sisn
356,sj910202
357,skliveman
358,skylion
359,SongLa5566
360,soul5566
361,starfishfish
362,superRKO
363,Surrounder
364,swattw
365,sxy67230
366,taddy0540
367,takuminauki
368,Tattoo
369,teramars
370,thinboy543
371,tia999
372,tigotigo
373,Tommy92C
374,tootsai
375,tswdysk
376,u11n12
377,varietysn
378,victoryss
379,vogue38
380,wafiea708
381,waitan
382,waynebruce
383,wcc0220
384,wfelix
385,winnietslock
386,xup654z
387,xvited945
388,yangtsur
389,YeezyBoost
390,yitingted
391,yoanzhong
392,yoyoman001
393,yoyosea
394,yuico
395,YummyMcGee
396,yutan0802
397,z11915
398,zephyrhymn
399,ZirconC
400,zuben666
401,zx3426300
402,a031405
403,a0921387223
404,a09250955
405,a1019
406,a12141623
407,a19870704
408,a19920520
409,a2016596
410,a21096
411,a27358942
412,a282172002
413,a34567
414,a435007
415,a5249088
416,a60606joe
417,a614514
418,a94037501
419,a9a99
420,aa0801aa
421,aa25019459
422,aa88650233
423,aaronjet
424,abaddom958
425,abechang
426,abreakheart
427,AceKiller
428,Acetoxy
429,ACGUYKING
430,acm36888
431,ad56
432,adamcha
433,adleychang
434,ADshyang
435,adward462462
436,aeolus317
437,afa1919
438,aferson
439,afrazhao
440,aher2600
441,airbear
442,airport
443,akbobo
444,akichaosi
445,akira27
446,Alale
447,alanhwung
448,Alberto
449,albuca0603
450,alecgood
451,alex0508
452,alexgame01
453,Alexiel
454,Alicia77
455,Aliensoul
456,aljinn
457,allan9181
458,allanwalker
459,allenboy
460,alljerry04
461,alonxalon
462,ambitious
463,AMPHIBIA
464,Anakin
465,analiya
466,ANCEE
467,ANDORLESS
468,andy09026
469,anfbaby
470,angrd
471,anivia1126
472,anjohn
473,Anjou
474,ankhesbelga
475,Annatiger
476,AnneofGreen
477,annnb
478,Anomalocaris
479,anti56
480,antonis
481,antontonyen
482,anywell8081
483,AOA2
484,aova
485,ap926044
486,apple15700
487,APPLEin5566
488,AquaX
489,archimonde
490,aric8847
491,aricchen1396
492,arihanta
493,arisa0219
494,arowbeast
495,asadoioru
496,asdasd100031
497,asdedc8899
498,aseric852466
499,ashow
500,askacis
501,askdrlin
502,aspeter
503,aspired
504,assunny1012
505,asyousaid
506,au5
507,AustinPowers
508,Avoidthesun
509,away1225
510,awhat
511,axsz1116
512,axxa
513,ayjfi250
514,aynmeow
515,azman1018z
516,azraelhanyue
517,b1924019
518,b21315
519,b4824583
520,BabyLose
521,babywipes
522,bassmaster
523,bassoon
524,bbbsmallt
525,bbsbbbbsbb
526,bced
527,be11eaya
528,beIIeava
529,belief0816
530,belleaya
531,ben75280
532,benjamin0830
533,benjy0218
534,BET365
535,bigbag222
536,bigbang923
537,bigbomb
538,bigbowl
539,BigHurt
540,bigkey
541,bil193
542,bin69
543,birdlover
544,blackone979
545,blacktooth
546,BleedWang
547,blessbless
548,bloodlime
549,bluebagel
550,bluedog666
551,bluem0ary
552,BlueSky700
553,bluewolfzeus
554,BluffKing
555,bolt0817
556,bony850910
557,booowhat
558,boringgenius
559,boska201
560,boxoxox
561,boyea55
562,brian78313
563,Briefs0321
564,brjoan
565,Bryan007
566,bsexp375763
567,bsp0919
568,bunreachable
569,Burdened
570,Bush731
571,bygamantou
572,bzx12021
573,c24253994
574,ca5hf1ow
575,callhek
576,callTM
577,camrivergimo
578,canceryou
579,candy125
580,ccc101419
581,cchpo
582,CDing
583,cephille
584,chandlerbean
585,changyiyao
586,ChaosCreator
587,charlie01
588,chchang0820
589,cheng9182
590,ChengcheHe
591,cheno6604
592,ChenRobert
593,chicane0920
594,chichung
595,chicktap
596,chinhan1216
597,chinhsi
598,chiro1982
599,chiu03272000
600,chnet3214
601,chocho55
602,ChoHaiHai
603,chopinmozart
604,chou218
605,CHREIA
606,chris510700
607,christen
608,chuckni
609,chunglele
610,Churning
611,chyx741021
612,cigaretteass
613,circa0218
614,cireeric
615,cjcjovup
616,cklonger
617,cksp7200
618,CliMeisWorld
619,clou
620,cloud72426
621,cloudworld
622,ClutchShot
623,cmilu267
624,COCOCCC
625,coffee777
626,colamaster69
627,come
628,ConDDL
629,ConnieBB
630,connycang
631,consuelo81
632,controlgod
633,cooby24
634,coppuccino
635,CosineSida
636,couki
637,cpssun
638,crazystacy
639,creepy
640,crocus
641,crystal0100
642,ctrliam
643,CTRX
644,cube1106
645,culturesky
646,Curriculum
647,currykukuo
648,CurryMvp
649,curtis
650,cute50718
651,cvngoo
652,cwc5566
653,cwind07
654,cyberia
655,cyhung97
656,DAKOU
657,dandog2810
658,dannewy
659,DarkAlex
660,DarkerWu
661,DarkKinght
662,DarkKnight
663,davidpeng
664,dayand
665,dazzle
666,Dcwei
667,dd6ootw
668,deadjack
669,dean009we350
670,DeathofGod
671,dedekind
672,demo3399
673,derdevil
674,DETIA
675,DevilHotel
676,Di8asd528643
677,dick929
678,Dickys200092
679,dir0813
680,dirty5566
681,disnet
682,dissman
683,Dix123
684,dobeqoo
685,dog9527
686,dogdig
687,doggo
688,dogydogs
689,dollysheep
690,Dong0129
691,double5566
692,downloadboy
693,downya
694,drakd4d
695,drlee1231
696,drsung48
697,dryabi
698,dsa3717
699,dt9151017
700,dudu5566
701,dxdy
702,dxfox
703,e04su3no
704,e078716
705,e1472584
706,e8rup
707,eavanrei
708,eddie5689
709,EDGE
710,edison1983
711,Edouard
712,edwin11017
713,efkfkp
714,egg100152002
715,Eijidate
716,eiolld
717,eipduolc
718,ejrq5785
719,electronicyi
720,elfish123
721,elin033
722,Elivanta
723,ellen5566
724,elljong1988
725,emiljoe
726,emptymind
727,encoreb00124
728,endlesschaos
729,engineer1
730,enzo50
731,enzo660
732,Epsilon
733,epulomallem
734,eric0013202
735,Eric1604
736,eric19860102
737,ericf129
738,et001122000
739,etgoetgo
740,eva200952
741,eva6402
742,evic710
743,eyeswu
744,ez910115
745,f12345678900
746,f126975955
747,f21814
748,f22
749,f222051618
750,faang
751,fabrique
752,Failiggy
753,fallfrost
754,FantasyChopi
755,Fantasyweed
756,fatdoghusky
757,fatfatyang
758,fatotaku
759,FatZhai017
760,fc01
761,fff0722
762,FG27
763,fgh
764,fhjqwefs
765,fiafim
766,firstbankMA
767,fishwei
768,fishxd1096
769,flamer
770,flareliu
771,flashseal
772,flowerxxx
773,flutter
774,fly1530
775,flyover01
776,fox8725
777,frankcio2004
778,freezebro
779,frzzve
780,ftyjukgk
781,funny1990
782,fxp51203
783,FYX
784,g28688121
785,ga612107
786,galder
787,galilei503
788,ganbaru
789,generalfungi
790,GeneralRamir
791,GeraldWolf
792,getdream1223
793,GFDS
794,gigiabc
795,ginnyhuang
796,ginopun10477
797,GLTKITTY
798,gmktwo
799,gn02118620
800,gn02160940
801,godisgood
802,godofsex
803,godrong95
804,godshibainu
805,goetz
806,gogin
807,goldenfire
808,goldhypnos47
809,goldman0204
810,goldsingle
811,gonna01
812,gooee
813,goosez
814,gp99000
815,gracekaco
816,greenghaost
817,GreenMay22
818,groupe
819,guets
820,gundamx7812
821,Halogens
822,halsutine
823,HANAXALICE
824,hanaya
825,happy94277
826,HappyBilbo
827,happytrash
828,HareGun
829,hareluyac
830,HarryYu
831,Harunobu
832,hateOnas
833,hatephubbing
834,haudai
835,hayashiyuu
836,hayate4821
837,hazel0093
838,hazyproject
839,hcs581207
840,healworld
841,heartkey
842,hebeshaman
843,hecticgem
844,hellofox
845,henin2003
846,henryooyoo
847,herro760920
848,hgtlgh
849,hide19
850,hirohero
851,hisayoshi
852,hisokaloving
853,hiwi
854,HMKRL
855,hmmti845
856,holden0609
857,homeboy528
858,hong888
859,hope951
860,hopeblue
861,HotMike
862,howdo1793
863,hsinhaw
864,hsuans
865,hsx1002
866,huascar
867,hughjackman
868,HulkSmash
869,hunA
870,hunman360
871,Hunting
872,hyde83922
873,iamandre
874,Iamjkc
875,IamMyMyMy
876,iamnotgm
877,IanPan
878,ICEN
879,iceofair
880,icexfox
881,Ichneumon
882,icocou
883,iComeInPeace
884,icosahedron
885,idear0220
886,ieatyourbat
887,iLeyaSin365
888,ILOVE3G231e
889,ilovedt
890,ilsr
891,IMBLACK
892,imisswind
893,imsmalling95
894,imsphzzz
895,ineis
896,Inhotep
897,interlover
898,iqeen5511
899,IronicKnight
900,irvine5566
901,irvintsai
902,ISAS
903,ishoudar
904,itmyshit
905,ivan0404c
906,ivolwang
907,ivyhoney
908,iwillwait
909,j0305oe
910,j27910681
911,j3526147j
912,j8539625
913,jacklee2302
914,jackwelch
915,jacky1018xx
916,jaeschen
917,JanKub
918,japanzara
919,jasonshieh
920,JasonYu
921,jastin2000
922,javator
923,jaypong2511
924,jayz5566
925,JCK0417
926,jean17
927,jean60419
928,jeffmao5566
929,jeffreyhu
930,jerrylin
931,jessica805
932,JessVeron
933,Jiapie
934,jim19911126
935,jingwen1997
936,jiuan1027
937,jl85066
938,joanronansky
939,job5786
940,jocker1412
941,joe141149
942,joe6304105
943,joeliu1015
944,joey0602
945,johnx
946,jojolia69
947,jola
948,jollybighead
949,joywilliamjo
950,Jsyc241008
951,jttte
952,jujusun
953,jurrasic
954,justgetup
955,justicem
956,justin200428
957,jyhchyang
958,k2065k
959,k801030
960,kabukiryu
961,kairichin
962,kaito1209
963,kalmia46
964,kanas
965,kanoutooru
966,KAOKAOKAO
967,kaorulin
968,kawazakiz2
969,kaze1225
970,kcbill
971,kea
972,keel90135
973,KeepHard
974,keku
975,kelvintube
976,ken0609
977,kenneth0915
978,kent24245
979,kevinapo
980,kevinjodan
981,kevinlee2001
982,KevinLow
983,KevinMoleaf
984,key123987
985,KeyNT
986,kid1a2b3c4d
987,kidujef
988,kif1205
989,KillerMoDo
990,kimco33
991,kingpunch
992,kiranagisa
993,kiuyeah
994,kiwistar
995,kk10519
996,kkilljeff
997,kkkkkk7ib
998,kkkysc
999,kmmc
1000,ko309491
1001,kobe089
1002,kof010485
1003,koftom
1004,Koknight
1005,kolala
1006,KOSMOST
1007,kougousei
1008,kprc
1009,ktakara
1010,KTR5566
1011,KuoChingYa
1012,kuriko
1013,kurtsgm
1014,KusoJontaro
1015,kwinner
1016,kwy82222
1017,kylefan
1018,kyo2003
1019,kyosukeakiba
1020,l22573729
1021,laechan
1022,lalbj
1023,Landtoss
1024,lashv5716
1025,lastballad
1026,LawlietLin
1027,Layase
1028,lbo
1029,lcw1995
1030,lcy317
1031,leawood
1032,leelee688
1033,lemon7242
1034,lemonblue
1035,lemongreenww
1036,leogogo
1037,leon770530
1038,leondemon
1039,leonEEman
1040,LeoWu
1041,leslie1993
1042,LFMK
1043,lhikarul
1044,linearppt
1045,linwang0310
1046,Lisapipi
1047,listenfish
1048,littledevil2
1049,littlejackbr
1050,liu2007
1051,liusim
1052,llakbil
1053,lleb
1054,lllst
1055,lo17593ve
1056,loneleonlmc
1057,longya
1058,Loquiall
1059,Lording
1060,LordOfCS
1061,lorena409
1062,lorinafamily
1063,losechen
1064,loser1
1065,loserli2953
1066,louis13
1067,louis925
1068,louisshen
1069,Lovatte
1070,lovealice
1071,loveass444
1072,LPJ723
1073,ls61412
1074,lucien0410
1075,Luka1995
1076,luke7212
1077,lulalachan
1078,lupins
1079,LyingFrog
1080,m3jp6cl4
1081,m64005005
1082,MA40433
1083,macrose
1084,MadCaro
1085,maggie85912
1086,magicalwind
1087,mailman
1088,MAJOR5566
1089,makuso
1090,Malincc
1091,Malthael
1092,Manaku
1093,manu5566
1094,Maori
1095,marcus176
1096,mariandtmac
1097,martinmask
1098,martinshih
1099,marvelousbas
1100,MASAMIFANS
1101,masashi
1102,masked000
1103,maskzero
1104,matthew52053
1105,maxgxking
1106,maxSr
1107,maxwater
1108,maxyoyooo
1109,Maybetrue
1110,mayu0326
1111,mcrobert
1112,md1011
1113,MeiHS
1114,melcris
1115,melttown
1116,mfa40
1117,miaomiao35
1118,mikamos
1119,milktea33
1120,millyyuri
1121,mimi8598
1122,Minazuki
1123,Minecraft
1124,ming0630
1125,ming12345
1126,minipc
1127,minipig1127
1128,mirac1e
1129,misosiru
1130,miz910
1131,mmmmei
1132,mmoom
1133,mogli
1134,monkeyaaaaa
1135,moon0617
1136,moonoftree
1137,mooooooon
1138,morris1661
1139,MoSalah
1140,mosvicqaz
1141,mpyh12345
1142,mrcookie1987
1143,msasakura
1144,mschien8295
1145,mukuro
1146,MyDarkness
1147,mymars
1148,n331437xu
1149,n731662000
1150,Nagasumi
1151,Nance
1152,nash5566
1153,Neilhere
1154,neo5277
1155,NerVGear
1156,nesibe
1157,neverli
1158,NewYAWARA
1159,nextpage
1160,ngc7331
1161,nianiawu
1162,niburu
1163,NickChrishou
1164,nifa
1165,nigatsuki
1166,nik351235
1167,NiNiHOT
1168,NinikoFan
1169,nionio0329
1170,Nodens
1171,nono0430
1172,nothingbut
1173,NTten
1174,NTWILSON
1175,nurais1127
1176,nwoyao
1177,nwww9542
1178,o56432
1179,OFDMA
1180,ofnfline
1181,ohmyg0d
1182,ohnononono
1183,ohya111326
1184,oion13272613
1185,OleUnited
1186,OmuMi
1187,onion10021
1188,oooeee
1189,openfor75
1190,opoj
1191,orech2002
1192,oscar210
1193,osee
1194,owlonoak
1195,ozjucka
1196,p80312
1197,painkiller
1198,paradisaea
1199,PaulAllen2
1200,paupausasa
1201,pdsjenny
1202,peggyting
1203,pennyleo
1204,pennylook
1205,peoplemore
1206,Perry7510
1207,petestar
1208,philandsam
1209,philosopherh
1210,phoebeC
1211,piapiapiapia
1212,pickchu22001
1213,pigwesley
1214,pinky2328
1215,pj110000
1216,platinum500a
1217,plauge
1218,plzeatolives
1219,plzza0cats
1220,po4622000
1221,poki0818
1222,pokline
1223,polar17
1224,pollyptt
1225,pongaga
1226,PopBer1
1227,popoliii
1228,popper921
1229,popstan
1230,porsche993
1231,PorscheAG
1232,posthumous
1233,potter1529
1234,poundingface
1235,powderzhon
1236,powerstone3
1237,pp787753
1238,priscilla210
1239,proloser
1240,protect6090
1241,pshuang
1242,psycho
1243,pttmovielove
1244,pttpttlin
1245,puihout
1246,Q00863
1247,q77
1248,qaz80691
1249,qf852741963
1250,qn123456
1251,qoo0510
1252,Qoo20811
1253,Qpera
1254,quanhwe
1255,quartzr
1256,queerqueen
1257,qwer100051
1258,qwqwaas
1259,r789p987p
1260,racbby5566
1261,Rachelyah
1262,radical
1263,rainbow7914
1264,rainnawind
1265,raura
1266,raychen0322
1267,raysbuck
1268,recycling
1269,Reddin
1270,redengled
1271,RedTear
1272,REI3173
1273,reiv
1274,reke
1275,renard1029
1276,reptilla
1277,rgfuajaiuk
1278,riceson
1279,rick102233
1280,riderfish
1281,RIKKI
1282,Ringu
1283,Rita0205
1284,ritsuki
1285,robbie0
1286,rock666
1287,rockieloser
1288,roder
1289,Rogozov
1290,rojita9746
1291,rolooker
1292,rolyshow
1293,romber
1294,ronale
1295,RonArtest93
1296,Rookie923
1297,RoroyaZoro
1298,rosefang
1299,Roy34
1300,rpm2500
1301,rs23234
1302,rsps1008
1303,rtoday
1304,RunForLife
1305,rx179001
1306,s114132005
1307,s32244153
1308,s33887766
1309,s58565254
1310,s6031417
1311,s800525
1312,s82015969
1313,sam87070
1314,samsball2000
1315,sandy7521
1316,sanliusane
1317,Santos
1318,sasaki3630
1319,SatanLoveGod
1320,sbbk9t23
1321,sbob
1322,sdbsy14242
1323,sdfsonic
1324,sea130281
1325,sean3378
1326,seanwu1115
1327,seatala
1328,secret1043
1329,seduce1986
1330,segawar
1331,senshun
1332,sexybox
1333,sexyellOwO
1334,sexyghost
1335,sgcob136226
1336,sh3312037
1337,shalalalala
1338,shandowcat
1339,shaohxkn33
1340,sheher2001
1341,shenerica
1342,sherlockedxx
1343,shinachiu
1344,shinane
1345,ShiuanRefuel
1346,shiuping
1347,shuahan
1348,shuya30206
1349,shyuwu
1350,siamn
1351,siaomu
1352,siaotouin
1353,siberianiz
1354,sicxin
1355,silverrain
1356,sim3000
1357,simpleclean
1358,sinb0603
1359,SincereBob
1360,sjiaban
1361,skychen
1362,sma7
1363,smallville08
1364,smc2
1365,smik
1366,smile0522
1367,smother
1368,snowphase
1369,SNSDLOVER
1370,sodabing
1371,Solidsoft
1372,solsoul
1373,solumate
1374,somelow
1375,somesomeone
1376,sonans
1377,sonny044
1378,soracat
1379,sos3637665
1380,soundbox
1381,SphereDavid
1382,spicyshack
1383,squirrelgirl
1384,srwcc
1385,SS159
1386,ss60413
1387,st40182
1388,stand1234
1389,standalong3
1390,star227
1391,star2270
1392,starorange05
1393,StarryVT
1394,STAYEDUP
1395,sthho
1396,strike519
1397,su3cl31125
1398,suballhome
1399,Subaru5566
1400,suchlovejin
1401,sukyfish
1402,sumarai
1403,sumo3310
1404,SuperIcon
1405,sut0310
1406,swgun
1407,sworddragon
1408,sx4152
1409,SydLrio
1410,T28sc
1411,T850
1412,taco0910
1413,takiryushi
1414,takumixnobu
1415,takura
1416,TAKUTO1224
1417,talkdiary
1418,talon0222
1419,TAMASABUROU
1420,tanyawai
1421,tarm55218
1422,tata123428
1423,teaseal
1424,tecofilmlove
1425,TED781120
1426,tesia0522
1427,tf310244
1428,TheBatman
1429,TheEye
1430,thinking19
1431,thinktwice
1432,Thompson13
1433,TigerL0927
1434,tim200513
1435,tinatinajj
1436,tmacai0103
1437,tobotY
1438,tobytohg
1439,tollum
1440,tom61102
1441,tomchun6
1442,tomsonchiou
1443,tonylcy
1444,tonywang945
1445,tonywu49
1446,toofat
1447,torn
1448,Tosca
1449,tose4433
1450,Toshi1010
1451,toyhsu
1452,TPhow
1453,tropotato
1454,TrueX67
1455,Trystill
1456,tryzji
1457,tsohg
1458,tu889ifa
1459,Tutt
1460,tuv3139
1461,tv1239
1462,tw00243597
1463,twn52
1464,u0221016
1465,u6vmp1756
1466,Uber
1467,uenakayuwa
1468,Usayhiisayha
1469,usong
1470,v556638
1471,valkyriea
1472,valteka
1473,VeryGoodBoy
1474,vestal
1475,viclin1982
1476,VIDYA83
1477,vinc4320
1478,vincealan
1479,VincentHuang
1480,violetphoeni
1481,vipon30828
1482,virying
1483,voglish
1484,voxxx
1485,vy8824
1486,w320230
1487,w36501
1488,w6010946
1489,w6886x
1490,wa1942
1491,waakye
1492,wadecp3
1493,wai0806
1494,waitingatb
1495,wang3656129
1496,warmheart629
1497,watashino
1498,watchout
1499,water1255
1500,wayne311
1501,wayway
1502,WDRAGON
1503,wears
1504,wearytolove
1505,wei070318
1506,weihwa
1507,weq
1508,WestDoor0204
1509,whitefang10
1510,whokatrina
1511,widec
1512,williammini
1513,willy5212
1514,wilmkcheer
1515,Win7
1516,winall
1517,wind5568
1518,wishfree
1519,wittmann4213
1520,wiwi12345678
1521,wlwillwell
1522,wnglon
1523,Wonderwalk
1524,worf1128
1525,wu05k3
1526,wusbetz
1527,WuWuLiuLiu
1528,WWW90251
1529,wyatt001
1530,x07jaxcool
1531,x111222333
1532,xa56
1533,xBox1Pro
1534,xgilgi
1535,xhungx
1536,Xie0914
1537,xiuxinme
1538,xLilyx
1539,xmasgangfox
1540,XOEX
1541,xox5678
1542,XSR700
1543,xup6m3123
1544,xupmc
1545,xxshihh
1546,xxswagcheck
1547,xxx80076
1548,y35246357468
1549,ya700
1550,yabegirl25
1551,yago
1552,yamakazi
1553,yamatosander
1554,yamayde
1555,yayairis
1556,ybxj
1557,yeh0216
1558,YellowDucks
1559,yellowya
1560,yidiano
1561,yishiun
1562,yisin007
1563,yisinweng
1564,ykes60513
1565,yko733
1566,yohstart2016
1567,yorushow
1568,yoshilin
1569,youbo0627
1570,youdar
1571,yoxuan
1572,YOYOISGOOD
1573,yoyoyolin
1574,yufen072062
1575,yuhung
1576,yunshi0320
1577,YYZZKK
1578,zacksnyzhi
1579,zakijudelo
1580,zawer
1581,zdayub
1582,zero249238
1583,zero2742741
1584,zeus7668
1585,zgmfx10azxcv
1586,zhahu
1587,ZMittermeyer
1588,zoquase
1589,zsirtall
1590,zuzi
1591,zx87p
1592,zxc455233
1593,zzahoward
1594,1985/5/1
